Title,Date
"The Pale Blue Eye","1/9/23"
"How It Ends","12/23/22"
"Seven Seconds: Limited Series: That What Follows","12/14/22"
"The Bridge: Season 1: Episode 1","12/14/22"
"Seven Seconds: Limited Series: Matters of Life and Death","12/13/22"
"Seven Seconds: Limited Series: Brenton's Breath","12/13/22"
"Seven Seconds: Limited Series: Pilot","12/12/22"
"Ancient Apocalypse: Sirius Rising","11/12/22"
"Ancient Apocalypse: Survivor in a Time of Chaos","11/12/22"
"Ancient Apocalypse: Once There Was a Flood","11/11/22"
"The Good Doctor: Season 1: Burnt Food","11/11/22"
"History 101: Season 1: Robots","11/11/22"
"History 101: Season 2: Dating Apps","11/11/22"
"History 101: Season 2: GPS","11/11/22"
"Catching Killers: Season 2: Bind. Torture. Kill: BTK","11/11/22"
"Earthstorm: Tornado","11/8/22"
"Luther: Series 4: Episode 2","11/6/22"
"Inside the Mind of a Cat","11/1/22"
"Guillermo del Toro's Cabinet of Curiosities: Lot 36","11/1/22"
"Luther: Series 4: Episode 1","10/23/22"
"Luther: Series 3: Episode 4","10/23/22"
"Luther: Series 2: Episode 4","10/23/22"
"Luther: Series 2: Episode 1","10/23/22"
"Unsolved Mysteries: Volume 2: Washington Insider Murder","10/23/22"
"Unsolved Mysteries: Volume 3: Body in Bags","10/23/22"
"Unsolved Mysteries: Volume 3: Something in the Sky","10/23/22"
"In the Shadow of the Moon","10/22/22"
"Into the Deep: The Submarine Murder Case","10/22/22"
"Unsolved Mysteries: Volume 3: Mystery at Mile Marker 45","10/21/22"
"High Water: Episode 1","10/21/22"
"Inside the World’s Toughest Prisons: Season 3: Colombia: Narco Prison","10/16/22"
"Inside the World’s Toughest Prisons: Season 2: Brazil: The Gang Prison","10/16/22"
"Minions & More Volume 1","10/15/22"
"Inside the World’s Toughest Prisons: Season 4: Germany: The Therapy Prison","10/1/22"
"Inside the World’s Toughest Prisons: Season 6: Cyprus: The Utopian Prison","10/1/22"
"Inside the World’s Toughest Prisons: Season 6: Moldova: The Lifers Prison","10/1/22"
"Inside the World’s Toughest Prisons: Season 6: Greece: The People Smugglers Prison","10/1/22"
"Cult of Chucky","9/3/22"
"Stranger Things: Stranger Things 4: Chapter Nine: The Piggyback","8/21/22"
"Stranger Things: Stranger Things 4: Chapter Eight: Papa","8/21/22"
"High Heat: Dreaming of Fire","8/20/22"
"The Gray Man","8/20/22"
"The Devil's Advocate","8/20/22"
"Good Morning, Verônica: Season 2: Doúm","8/18/22"
"Good Morning, Verônica: Season 2: The Silence of the Innocent","8/18/22"
"Good Morning, Verônica: Season 2: Truth or Dare","8/17/22"
"Good Morning, Verônica: Season 2: Between Heaven and Hell","8/16/22"
"Good Morning, Verônica: Season 2: A Wolf in Sheep's Clothing","8/16/22"
"Good Morning, Verônica: Season 2: Winning and Losing","8/16/22"
"Keep Breathing: Limited Series: Hierarchy of Needs","7/29/22"
"Keep Breathing: Limited Series: Fire & Water","7/29/22"
"Keep Breathing: Limited Series: Arrivals","7/29/22"
"Stranger Things: Stranger Things 4: Chapter Seven: The Massacre at Hawkins Lab","7/17/22"
"Stranger Things: Stranger Things 4: Chapter Six: The Dive","7/17/22"
"Stranger Things: Stranger Things 4: Chapter Five: The Nina Project","7/17/22"
"Stranger Things: Stranger Things 4: Chapter Four: Dear Billy","7/17/22"
"Stranger Things: Stranger Things 4: Chapter Three: The Monster and the Superhero","7/17/22"
"Stranger Things: Stranger Things 4: Chapter Two: Vecna's Curse","7/16/22"
"Manifest: Season 1: Vanishing Point","7/16/22"
"The Longest Night: Episode 1","7/16/22"
"Shutter Island","7/16/22"
"Stranger Things: Stranger Things 4: Chapter One: The Hellfire Club","7/16/22"
"Stranger Things: Chapter One: The Vanishing of Will Byers","7/16/22"
"Oats Studios: Rakka","7/9/22"
"The Interpreter","7/9/22"
"Into the Night: Season 1: Jakub","7/2/22"
"Into the Night: Season 1: Sylvie","7/2/22"
"The Blacklist: Season 2: Dr. James Covington (No. 89)","6/20/22"
"The Blacklist: Season 2: Monarch Douglas Bank (No. 112)","6/19/22"
"The Blacklist: Season 2: Lord Baltimore (No. 104)","6/17/22"
"The Blacklist: Season 1: Berlin (No. 8): Conclusion","6/17/22"
"The Blacklist: Season 1: Berlin (No. 8)","6/17/22"
"The Blacklist: Season 1: The Kingmaker (No. 42)","6/17/22"
"The Blacklist: Season 1: The Pavlovich Brothers (No. 119-122)","6/16/22"
"The Blacklist: Season 1: Milton Bobbit (No. 135)","6/16/22"
"The Blacklist: Season 1: Ivan (No. 88)","6/16/22"
"The Blacklist: Season 1: Mako Tanida (No. 83)","6/15/22"
"The Blacklist: Season 1: The Judge (No. 57)","6/15/22"
"The Blacklist: Season 1: Madeline Pratt (No. 73)","6/14/22"
"The Blacklist: Season 1: The Cyprus Agency (No. 64)","6/13/22"
"The Blacklist: Season 1: The Alchemist (No. 101)","6/7/22"
"The Blacklist: Season 1: The Good Samaritan (No. 106)","6/7/22"
"The Blacklist: Season 1: Anslo Garrick (No. 16): Part 2","6/7/22"
"The Blacklist: Season 1: Anslo Garrick (No. 16): Part 1","6/7/22"
"War of the Worlds","6/5/22"
"Life","5/21/22"
"The Guilty","5/20/22"
"Away: Home","5/17/22"
"Away: Spektr","5/16/22"
"Away: Vital Signs","5/15/22"
"Away: Goodnight Mars","5/15/22"
"Away: A Little Faith","5/15/22"
"Away: Space Dogs","4/25/22"
"Away: Excellent Chariots","4/18/22"
"Away: Half the Sky","4/17/22"
"Away: Negative Return","4/17/22"
"Away: Go","4/17/22"
"Countdown: Inspiration4 Mission to Space: Limited Series: Episode 1","4/17/22"
"The Innocent: Limited Series: Episode 8","4/16/22"
"The Innocent: Limited Series: Episode 7","4/16/22"
"The Innocent: Limited Series: Episode 6","4/15/22"
"The Innocent: Limited Series: Episode 5","4/14/22"
"The Innocent: Limited Series: Episode 4","4/10/22"
"The Innocent: Limited Series: Episode 3","4/10/22"
"The Innocent: Limited Series: Episode 2","4/10/22"
"Katla: The Mother","4/7/22"
"Equinox: It’s Going to Happen Again","4/7/22"
"Good Morning, Verônica: Season 1: The Woman Who Knew Too Much","4/3/22"
"Good Morning, Verônica: Season 1: Fly, Little Bird","4/2/22"
"Good Morning, Verônica: Season 1: The Cage","4/2/22"
"Good Morning, Verônica: Season 1: Outside the Box","4/2/22"
"Kaya Yanar: Reiz der Schweiz","3/22/22"
"Katla: Ása","2/27/22"
"Katla: From Under the Glacier","2/27/22"
"Manifest: Season 1: Connecting Flights","2/15/22"
"Manifest: Season 1: Pilot","2/15/22"
"Passengers","2/3/22"
"The Sinner: Season 4: Percy: Part VIII","2/1/22"
"The Sinner: Season 4: Percy: Part VII","2/1/22"
"The Sinner: Season 4: Percy: Part VI","2/1/22"
"The Sinner: Season 4: Percy: Part V","1/30/22"
"The Sinner: Season 4: Percy: Part IV","1/30/22"
"The Sinner: Season 4: Percy: Part III","1/29/22"
"The Sinner: Season 4: Percy: Part II","1/29/22"
"The Sinner: Season 4: Percy: Part I","1/28/22"
"Community: Season 1: Community","1/23/22"
"Archive 81: What Lies Beneath","1/22/22"
"Archive 81: The Ferryman","1/22/22"
"Archive 81: The Circle","1/21/22"
"Archive 81: Through the Looking Glass","1/20/22"
"Archive 81: Spirit Receivers","1/20/22"
"Archive 81: Terror in the Aisles","1/20/22"
"Archive 81: Wellspring","1/19/22"
"Archive 81: Mystery Signals","1/17/22"
"The Innocent: Limited Series: Episode 1","1/16/22"
"Making The Witcher: Season 2","1/8/22"
"The Witcher: Season 2: Family","1/7/22"
"The Witcher: Season 2: Voleth Meir","1/6/22"
"Due Date","1/6/22"
"The Big Short","1/6/22"
"The Amazing Spider-Man","1/6/22"
"Black Mirror: Season 4: Crocodile","1/6/22"
"South Park: Cartman Gets an Anal Probe","1/6/22"
"Don't Look Up","1/5/22"
"Spider-Man: Homecoming","1/5/22"
"Black Mirror: Season 4: Hang the DJ","1/4/22"
"The Witcher: Season 2: Dear Friend...","1/3/22"
"Black Mirror: Season 4: Black Museum","1/3/22"
"Jurassic World: Fallen Kingdom","1/3/22"
"Squid Game: Season 1: One Lucky Day","12/25/21"
"Squid Game: Season 1: Front Man","12/25/21"
"Squid Game: Season 1: VIPS","12/23/21"
"The Witcher: Season 2: Turn Your Back","12/23/21"
"The Witcher: Season 2: Redanian Intelligence","12/22/21"
"The Witcher: Season 2: What Is Lost","12/22/21"
"The Witcher: Season 2: Kaer Morhen","12/19/21"
"The Witcher: Season 2: A Grain of Truth","12/17/21"
"The Witcher: Season 1: The End’s Beginning","12/17/21"
"Squid Game: Season 1: Gganbu","12/5/21"
"Squid Game: Season 1: A Fair World","12/5/21"
"Squid Game: Season 1: Stick to the Team","12/5/21"
"Squid Game: Season 1: The Man with the Umbrella","12/4/21"
"Squid Game: Season 1: Hell","12/4/21"
"Squid Game: Season 1: Red Light, Green Light","11/28/21"
"Perfect Stranger","11/9/21"
"Black Mirror: Season 3: San Junipero","10/30/21"
"Black Mirror: Season 3: Shut Up and Dance","10/30/21"
"The Invasion","10/10/21"
"Sex Education: Season 3: Episode 8","10/10/21"
"Sex Education: Season 3: Episode 7","10/10/21"
"Sex Education: Season 1: Episode 7","10/10/21"
"Sex Education: Season 1: Episode 1","9/29/21"
"The Walking Dead: Season 10: A Certain Doom","9/26/21"
"The Walking Dead: Season 10: The Tower","9/26/21"
"The Walking Dead: Season 10: Look at the Flowers","9/26/21"
"The Walking Dead: Season 10: What We Become","9/24/21"
"The Walking Dead: Season 10: Walk With Us","9/24/21"
"The Walking Dead: Season 10: Morning Star","9/24/21"
"The Walking Dead: Season 10: Stalker","9/24/21"
"The Walking Dead: Season 10: Squeeze","9/22/21"
"Lost in Space: Season 1: The Robinsons Were Here","9/22/21"
"Lost in Space: Season 1: Infestation","9/10/21"
"Love, Death & Robots: Volume 2: Ice","8/20/21"
"Van Helsing","8/11/21"
"The Walking Dead: Season 7: Hearts Still Beating","8/5/21"
"The Walking Dead: Season 7: Sing Me a Song","8/5/21"
"The Walking Dead: Season 7: Swear","8/4/21"
"The Walking Dead: Season 7: Go Getters","8/4/21"
"The Walking Dead: Season 7: Service","8/4/21"
"The Walking Dead: Season 7: The Cell","8/4/21"
"The Walking Dead: Season 7: The Well","8/4/21"
"The Walking Dead: Season 7: The Day Will Come When You Won't Be","8/4/21"
"The Walking Dead: Season 6: Last Day on Earth","8/4/21"
"The Walking Dead: Season 6: East","8/3/21"
"The Walking Dead: Season 6: Twice as Far","8/3/21"
"The Walking Dead: Season 6: The Same Boat","8/1/21"
"The Walking Dead: Season 6: Not Tomorrow Yet","7/30/21"
"The Walking Dead: Season 6: Knots Untie","7/30/21"
"The Walking Dead: Season 6: The Next World","7/29/21"
"The Walking Dead: Season 6: No Way Out","7/29/21"
"The Walking Dead: Season 6: Start to Finish","7/28/21"
"The Walking Dead: Season 6: Heads Up","7/27/21"
"The Walking Dead: Season 6: Always Accountable","7/27/21"
"The Big Bang Theory: Season 12: The Stockholm Syndrome","7/26/21"
"The Walking Dead: Season 6: Now","7/24/21"
"The Walking Dead: Season 6: Here's Not Here","7/21/21"
"The Walking Dead: Season 6: Thank You","7/21/21"
"The Walking Dead: Season 6: JSS","7/21/21"
"The Walking Dead: Season 6: First Time Again","7/20/21"
"The Walking Dead: Season 5: Conquer","7/20/21"
"The Walking Dead: Season 5: Try","7/20/21"
"The Walking Dead: Season 5: Spend","7/20/21"
"The Walking Dead: Season 5: Forget","7/19/21"
"The Walking Dead: Season 5: Remember","7/19/21"
"The Big Bang Theory: Season 12: The Change Constant","7/19/21"
"The Big Bang Theory: Season 12: The Maternal Conclusion","7/19/21"
"The Walking Dead: Season 5: The Distance","7/18/21"
"The Walking Dead: Season 5: Them","7/18/21"
"The Walking Dead: Season 5: What Happened and What's Going On","7/18/21"
"The Walking Dead: Season 5: Coda","7/18/21"
"The Walking Dead: Season 5: Crossed","7/18/21"
"The Walking Dead: Season 5: Consumed","7/18/21"
"The Walking Dead: Season 5: Self Help","7/17/21"
"The Walking Dead: Season 5: Slabtown","7/17/21"
"The Walking Dead: Season 5: Four Walls and a Roof","7/13/21"
"The Walking Dead: Season 5: Strangers","7/13/21"
"The Walking Dead: Season 5: No Sanctuary","7/13/21"
"The Walking Dead: Season 4: A","7/8/21"
"The Walking Dead: Season 4: Us","7/8/21"
"The Walking Dead: Season 4: The Grove","7/4/21"
"The Walking Dead: Season 4: Alone","7/4/21"
"The Walking Dead: Season 4: Still","7/4/21"
"The Walking Dead: Season 4: Claimed","7/4/21"
"The Walking Dead: Season 4: Inmates","7/3/21"
"The Walking Dead: Season 4: After","7/3/21"
"The Walking Dead: Season 4: Too Far Gone","7/3/21"
"The Walking Dead: Season 4: Dead Weight","7/2/21"
"The Walking Dead: Season 4: Live Bait","7/2/21"
"The Walking Dead: Season 4: Internment","7/2/21"
"The Walking Dead: Season 4: Indifference","6/30/21"
"The Walking Dead: Season 4: Isolation","6/30/21"
"The Walking Dead: Season 4: Infected","6/29/21"
"The Walking Dead: Season 4: 30 Days Without an Accident","6/29/21"
"The Walking Dead: Season 3: Welcome to the Tombs","6/29/21"
"The Walking Dead: Season 3: This Sorrowful Life","6/26/21"
"The Walking Dead: Season 3: Prey","6/26/21"
"The Walking Dead: Season 3: Arrow on the Doorpost","6/26/21"
"The Walking Dead: Season 3: Clear","6/25/21"
"The Walking Dead: Season 3: I Ain't a Judas","6/25/21"
"The Walking Dead: Season 3: Home","6/23/21"
"The Walking Dead: Season 3: The Suicide King","6/22/21"
"The Walking Dead: Season 3: Made to Suffer","6/20/21"
"The Walking Dead: Season 3: When the Dead Come Knocking","6/20/21"
"The Walking Dead: Season 3: Hounded","6/17/21"
"The Walking Dead: Season 3: Say the Word","6/17/21"
"The Walking Dead: Season 3: Killer Within","6/17/21"
"The Walking Dead: Season 3: Walk with Me","6/14/21"
"The Walking Dead: Season 3: Sick","6/13/21"
"The Walking Dead: Season 3: Seed","6/13/21"
"Lost in Space: Season 1: Diamonds In The Sky","6/12/21"
"Lost in Space: Season 1: Impact","6/12/21"
"The Walking Dead: Season 2: Beside the Dying Fire","6/12/21"
"The Big Bang Theory: Season 12: The Tam Turbulence","6/12/21"
"The Big Bang Theory: Season 12: The Procreation Calculation","6/12/21"
"The Big Bang Theory: Season 1: Pilot","6/12/21"
"The Walking Dead: Season 2: Better Angels","6/11/21"
"The Walking Dead: Season 2: Judge, Jury, Executioner","6/11/21"
"The Walking Dead: Season 2: 18 Miles Out","6/7/21"
"The Woman in the Window","6/6/21"
"Altered Carbon: Season 1: Fallen Angel","6/6/21"
"Altered Carbon: Season 1: Out of the Past","6/6/21"
"Love, Death & Robots: Volume 2: Automated Customer Service","6/6/21"
"The Walking Dead: Season 2: Triggerfinger","6/5/21"
"The Walking Dead: Season 2: Nebraska","6/2/21"
"The Walking Dead: Season 2: Pretty Much Dead Already","6/1/21"
"The Walking Dead: Season 2: Secrets","6/1/21"
"The Walking Dead: Season 2: Chupacabra","6/1/21"
"The Walking Dead: Season 2: Cherokee Rose","5/29/21"
"The Walking Dead: Season 2: Save the Last One","5/29/21"
"The Walking Dead: Season 1: Days Gone Bye","5/29/21"
"Army of the Dead","5/29/21"
"Get the Grift","5/9/21"
